item_id,condition,topic,features,original,keywords_keep_please,model,sample_idx,expansion,n_clauses,n_unentailed,unentailed_clauses,code,notes,coder,coded_at
aut-002,autistic_style,schedule_fact,literal;info_dense,The meeting starts at 3pm in room 204.,meeting starts 3 pm,llama3.1:8b,1,The meeting starts at 3 pm.,1,0,,faithful,omit room 204,RajC,2026-09-07T17:19:13+00:00
aut-003,autistic_style,decline_invitation,direct,I don't want to go to the party.,want go party,llama3.1:8b,1,I want to go to the party.,1,1,I want to go to the party.,reversal,exact reversal,RajC,2026-09-07T06:07:14+00:00
aut-004,autistic_style,warning_physical,literal,The soup is too hot to eat right now.,soup hot eat,llama3.1:8b,1,I want to eat hot soup.,1,1,I want to eat hot soup.,reversal,changed meaning and reverse,RajC,2026-09-07T06:13:21+00:00
aut-006,autistic_style,request_environment,direct,Stop talking. I need quiet to focus.,stop talking need quiet,llama3.1:8b,2,"I need you to stop talking, please.",1,0,,tone_shift,added politeness,RajC,2026-09-07T05:34:00+00:00
aut-007,autistic_style,need_food,literal;direct,I am hungry. I want a sandwich.,hungry want sandwich,llama3.1:8b,2,I'm hungry and I want a sandwich.,2,1,I'm hungry and,faithful,replaced . with and,RajC,2026-09-07T06:08:09+00:00
aut-009,autistic_style,schedule_fact,info_dense,The bus leaves at 8:15 and takes 40 minutes.,bus leaves 8:15 takes,llama3.1:8b,2,The bus leaves at 8:15 and takes me to work.,2,1,takes me to work.,unlicensed,"half the sentence correct, other half invented",RajC,2026-09-07T05:33:37+00:00
aut-013,autistic_style,deadline_fact,info_dense,The report is due Friday at noon.,report due friday noon,llama3.1:8b,2,My report is due on Friday at noon.,1,1,My report is due on Friday at noon.,unlicensed,changed the report to my report,RajC,2026-09-07T06:13:09+00:00
aut-015,autistic_style,feedback_negative,low_hedging,Your explanation was confusing.,explanation confusing,llama3.1:8b,2,I don't understand why it's so confusing.,1,1,I don't understand why it's so confusing.,unlicensed,dropped your explanation,RajC,2026-09-07T06:08:56+00:00
aut-018,autistic_style,request_environment,direct,Turn the music down.,turn music,llama3.1:8b,2,Can you turn the music on?,1,1,Can you turn the music on?,reversal,reverse from down to on,RajC,2026-09-07T17:19:22+00:00
aut-019,autistic_style,need_comfort,literal,I am cold. Give me a blanket.,cold give blanket,llama3.1:8b,0,Can you give me a blanket because I am cold?,1,0,,tone_shift,kept meaning but changed tone,RajC,2026-09-07T06:12:01+00:00
aut-022,autistic_style,sensory_preference,literal,I don't like loud noises.,like loud noises,llama3.1:8b,0,I don't like loud noises.,1,0,,faithful,correct,RajC,2026-09-07T06:14:35+00:00
aut-023,autistic_style,conversation_repair,direct,You did not answer my question.,answer question,llama3.1:8b,1,I'll answer the question.,1,1,I'll answer the question.,unlicensed,reversed and changed subject,RajC,2026-09-07T17:11:04+00:00
aut-024,autistic_style,travel_disruption,info_dense,"The flight is delayed two hours, new departure 6pm.",flight delayed two hours,llama3.1:8b,2,Our flight has been delayed by two hours.,1,0,,faithful,omit new departure 6pm,RajC,2026-09-07T17:11:51+00:00
aut-025,autistic_style,fatigue,literal;direct,I am tired. I need to sleep.,tired need sleep,llama3.1:8b,2,I'm tired and I need sleep.,2,0,,faithful,changed . to and,RajC,2026-09-07T18:28:55+00:00
aut-027,autistic_style,disagreement_decision,direct,I disagree with your decision.,disagree decision,llama3.1:8b,2,I strongly disagree with that decision.,1,1,I strongly disagree with that decision.,tone_shift,shifted to strongly disagree,RajC,2026-09-07T18:06:13+00:00
aut-029,autistic_style,time_pressure,info_dense;direct,"The store closes at 9, we have one hour.",store closes 9 have,llama3.1:8b,1,The store closes at 9.,1,0,,faithful,omit second part,RajC,2026-09-07T05:35:09+00:00
aut-032,autistic_style,directions,info_dense,"Take exit 12, then merge onto Route 9 north.",take exit 12 merge,llama3.1:8b,1,Take the exit 12 and merge.,2,0,,faithful,omit route 9 north,RajC,2026-09-07T06:13:39+00:00
aut-035,autistic_style,equipment_fault,low_hedging;direct,The printer is broken. Use the other one.,printer broken use other,llama3.1:8b,1,"The printer is broken, so I have to use another one.",1,0,,faithful,changed use to i use,RajC,2026-09-07T17:10:18+00:00
aut-036,autistic_style,preference_drink,literal,"I want water, not juice.",want water juice,llama3.1:8b,2,I want some water and juice.,1,1,I want some water and juice.,reversal,kept want for water but not for juice,RajC,2026-09-07T06:12:34+00:00
aut-037,autistic_style,schedule_fact,info_dense,Class starts Monday at 9am in building C.,class starts monday 9,llama3.1:8b,2,My class starts on Monday at 9.,1,1,My class starts on Monday at 9.,faithful,omit building c,RajC,2026-09-07T18:30:20+00:00
aut-038,autistic_style,request_object,direct,I need the remote.,need remote,llama3.1:8b,2,I need a remote.,1,0,,faithful,changed the to a,RajC,2026-09-07T17:10:06+00:00
aut-039,autistic_style,comfort_complaint,literal;low_hedging,This chair is uncomfortable.,chair uncomfortable,llama3.1:8b,2,The chair is uncomfortable.,1,0,,faithful,change this to the,RajC,2026-09-07T06:08:27+00:00
aut-041,autistic_style,comprehension_gap,literal,I don't understand the instructions.,understand instructions,llama3.1:8b,1,I understand the instructions.,1,1,I understand the instructions.,reversal,perfect reversal,RajC,2026-09-07T06:12:20+00:00
aut-044,autistic_style,error_report,low_hedging,That answer is incorrect.,answer incorrect,llama3.1:8b,2,My answer was incorrect.,1,0,,faithful,changed that to my,RajC,2026-09-07T17:12:24+00:00
aut-004,autistic_style,warning_physical,literal,The soup is too hot to eat right now.,soup hot eat,qwen2.5:7b-instruct,1,I want to eat hot soup.,1,1,I want to eat hot soup.,reversal,too hot to eat turns into i want to eat hot,RajC,2026-09-07T18:31:50+00:00
aut-006,autistic_style,request_environment,direct,Stop talking. I need quiet to focus.,stop talking need quiet,qwen2.5:7b-instruct,2,I need quiet; please stop talking.,1,0,,faithful,omit focus,RajC,2026-09-07T05:36:50+00:00
aut-007,autistic_style,need_food,literal;direct,I am hungry. I want a sandwich.,hungry want sandwich,qwen2.5:7b-instruct,1,I want a sandwich.,1,0,,faithful,omit i am hungry,RajC,2026-09-07T17:31:53+00:00
aut-009,autistic_style,schedule_fact,info_dense,The bus leaves at 8:15 and takes 40 minutes.,bus leaves 8:15 takes,qwen2.5:7b-instruct,2,The bus leaves at 8:15 and takes me to work.,2,1,takes me to work.,unlicensed,changes meaning of second part,RajC,2026-09-07T06:12:47+00:00
aut-011,autistic_style,medical_symptom,literal,My stomach hurts.,stomach hurts,qwen2.5:7b-instruct,2,I have a stomach that hurts.,1,0,,faithful,my stomach turned into i have a stomach,RajC,2026-09-07T18:37:09+00:00
aut-012,autistic_style,refusal,direct;low_hedging,No. I don't want that plan.,want plan,qwen2.5:7b-instruct,0,I want to plan a trip.,1,1,I want to plan a trip.,reversal,"added trip, changed meaning of plan, and changed not want to want",RajC,2026-09-07T18:36:45+00:00
aut-014,autistic_style,clothing_fit,literal;direct,This shirt is too tight.,shirt tight,qwen2.5:7b-instruct,2,The shirt is too tight.,1,0,,faithful,change this to the,RajC,2026-09-07T17:11:57+00:00
aut-015,autistic_style,feedback_negative,low_hedging,Your explanation was confusing.,explanation confusing,qwen2.5:7b-instruct,1,This explanation is confusing.,1,0,,faithful,changed tense and changed your to this,RajC,2026-09-07T17:11:41+00:00
aut-019,autistic_style,need_comfort,literal,I am cold. Give me a blanket.,cold give blanket,qwen2.5:7b-instruct,2,I'll give you a blanket because you have a cold.,1,1,I'll give you a blanket because you have a cold.,unlicensed,"changed meaning of cold, and changed subject",RajC,2026-09-07T05:36:40+00:00
aut-022,autistic_style,sensory_preference,literal,I don't like loud noises.,like loud noises,qwen2.5:7b-instruct,0,I like loud noises.,1,1,I like loud noises.,reversal,perfect reversal,RajC,2026-09-07T18:00:29+00:00
aut-023,autistic_style,conversation_repair,direct,You did not answer my question.,answer question,qwen2.5:7b-instruct,1,I will answer the question.,1,1,I will answer the question.,reversal,more of a response to a negative than an expansion,RajC,2026-09-07T18:24:54+00:00
aut-024,autistic_style,travel_disruption,info_dense,"The flight is delayed two hours, new departure 6pm.",flight delayed two hours,qwen2.5:7b-instruct,2,My flight has been delayed by two hours.,1,1,My flight has been delayed by two hours.,faithful,omit new departure 6 pm,RajC,2026-09-07T17:59:59+00:00
aut-025,autistic_style,fatigue,literal;direct,I am tired. I need to sleep.,tired need sleep,qwen2.5:7b-instruct,2,I am tired and need to sleep.,2,1,I am tired and,faithful,perfect,RajC,2026-09-07T17:15:31+00:00
aut-027,autistic_style,disagreement_decision,direct,I disagree with your decision.,disagree decision,qwen2.5:7b-instruct,1,I disagree with the decision.,1,0,,faithful,change your to the,RajC,2026-09-07T06:13:30+00:00
aut-028,autistic_style,medical_symptom,literal,My hands are shaking.,hands shaking,qwen2.5:7b-instruct,0,Hands are shaking.,1,0,,faithful,omit my,RajC,2026-09-07T18:29:18+00:00
aut-029,autistic_style,time_pressure,info_dense;direct,"The store closes at 9, we have one hour.",store closes 9 have,qwen2.5:7b-instruct,1,The store closes at 9.,1,0,,faithful,omit we have one hour,RajC,2026-09-07T06:11:08+00:00
aut-030,autistic_style,sensory_environment,literal,The light is too bright.,light bright,qwen2.5:7b-instruct,2,Let's make the room light and bright.,1,1,Let's make the room light and bright.,unlicensed,turned a statement into a request,RajC,2026-09-07T05:34:17+00:00
aut-032,autistic_style,directions,info_dense,"Take exit 12, then merge onto Route 9 north.",take exit 12 merge,qwen2.5:7b-instruct,0,Take exit 12 and merge carefully.,2,1,merge carefully.,faithful,omit route 9 north,RajC,2026-09-07T18:42:55+00:00
aut-035,autistic_style,equipment_fault,low_hedging;direct,The printer is broken. Use the other one.,printer broken use other,qwen2.5:7b-instruct,2,I will use other methods since the printer is broken.,1,0,,faithful,changed other one to other methods,RajC,2026-09-07T18:36:56+00:00
aut-037,autistic_style,schedule_fact,info_dense,Class starts Monday at 9am in building C.,class starts monday 9,qwen2.5:7b-instruct,0,My class starts on Monday at 9.,1,1,My class starts on Monday at 9.,faithful,omit in building c,RajC,2026-09-07T17:10:43+00:00
aut-042,autistic_style,coordination,direct,Wait here. I'll be back in five minutes.,wait five minutes,qwen2.5:7b-instruct,0,Please wait for five minutes.,1,0,,unlicensed,added politeness,RajC,2026-09-07T05:35:35+00:00
aut-043,autistic_style,medication_dosing,info_dense;literal,The dose is 500mg twice daily with food.,dose 500 mg food,qwen2.5:7b-instruct,0,I took a dose of 500 mg of my food.,1,1,I took a dose of 500 mg of my food.,unlicensed,"didn't take, and omit twice",RajC,2026-09-07T18:24:08+00:00
aut-045,autistic_style,logistics_request,direct,I need a ride at 6pm.,need ride 6 pm,qwen2.5:7b-instruct,2,I need a ride at 6 pm.,1,0,,faithful,perfect,RajC,2026-09-07T17:15:26+00:00
aut-047,autistic_style,technical_constraint,info_dense;direct,The password has to be 8 characters with a number.,password has 8 characters,qwen2.5:7b-instruct,2,The password has 8 characters.,1,0,,faithful,omit has a number,RajC,2026-09-07T17:11:24+00:00
ctl-001,control_style,request_environment,,"Could you close the door? It's loud, if you don't mind.",close door loud mind,llama3.1:8b,0,"I need you to close the door, it's loud and I don't want to hurt my mind.",2,1,and I don't want to hurt my mind.,unlicensed,"hurt my mind added, rest is good, some tone shift",RajC,2026-09-07T05:37:53+00:00
ctl-004,control_style,warning_physical,,The soup might be too hot to eat right now.,soup hot eat,llama3.1:8b,0,I want to eat hot soup.,1,1,I want to eat hot soup.,reversal,added a want and omitted soup is hot so not want to eat,RajC,2026-09-07T18:00:23+00:00
ctl-006,control_style,request_environment,,"Could you stop talking? I need quiet to focus, sorry.",stop talking need quiet,llama3.1:8b,1,"Please stop talking, I need quiet.",1,0,,tone_shift,"change could to please, omitted some other details",RajC,2026-09-07T18:28:43+00:00
ctl-008,control_style,disagreement_work,,"I'm not sure that plan works, the budget seems too small.",sure plan works budget,llama3.1:8b,0,I'm sure our plan will work within the budget.,1,1,I'm sure our plan will work within the budget.,reversal,omit budget seems too small and changed not works to works,RajC,2026-09-07T05:37:10+00:00
ctl-012,control_style,refusal,,"I'm not sure I want that plan, sorry.",sure want plan sorry,llama3.1:8b,1,"I'm sorry, I'd like to plan.",1,1,"I'm sorry, I'd like to plan.",unlicensed,changed meaning of plan,RajC,2026-09-07T18:31:13+00:00
ctl-013,control_style,deadline_fact,,I think the report is due Friday at noon.,think report due friday,llama3.1:8b,0,"I need to think about my report, which is due on Friday.",1,1,"I need to think about my report, which is due on Friday.",unlicensed,did not need to think about my report,RajC,2026-09-07T18:29:37+00:00
ctl-017,control_style,medication_dosing,,I think the medication is two pills every eight hours.,think medication two pills,llama3.1:8b,1,I need to take two pills.,1,0,,faithful,omit every 8 hours,RajC,2026-09-07T18:30:54+00:00
ctl-021,control_style,financial_deadline,,"I think you pay the rent by the 1st, or there's a late fee.",think pay rent 1st,llama3.1:8b,1,I think I should pay rent first.,1,1,I think I should pay rent first.,unlicensed,changed meaning,RajC,2026-09-07T06:09:16+00:00
ctl-023,control_style,conversation_repair,,"I don't think you answered my question, sorry.",think answered question sorry,llama3.1:8b,1,"I think I answered the question, but I'm sorry.",2,1,"I think I answered the question, but",reversal,"changed subject and reversed meaning, but kept sorry",RajC,2026-09-07T06:11:33+00:00
ctl-028,control_style,medical_symptom,,"My hands are shaking a bit, I think.",hands shaking bit think,llama3.1:8b,1,"My hands are shaking a bit, I think.",1,0,,faithful,perfect,RajC,2026-09-07T18:23:36+00:00
ctl-029,control_style,time_pressure,,"I think the store closes at 9, so we have one hour.",think store closes 9,llama3.1:8b,0,The store closes at 9.,1,0,,faithful,omit we have one hour,RajC,2026-09-07T17:11:12+00:00
ctl-032,control_style,directions,,"You'd take exit 12, then merge onto Route 9 north I think.",take exit 12 merge,llama3.1:8b,0,Take the exit 12 and merge.,2,0,,faithful,omit onto route 9 north ithink,RajC,2026-09-07T18:23:47+00:00
ctl-034,control_style,social_feedback,,"That joke wasn't really that funny, maybe just me.",joke funny,llama3.1:8b,2,That joke was really funny.,1,1,That joke was really funny.,reversal,joke not funny to joke funny,RajC,2026-09-07T18:37:52+00:00
ctl-035,control_style,equipment_fault,,"I think the printer is broken, maybe use the other one.",think printer broken use,llama3.1:8b,0,I think the printer is broken.,1,0,,faithful,omit maybe use the other one,RajC,2026-09-07T18:28:30+00:00
ctl-036,control_style,preference_drink,,"I'd maybe like water rather than juice, if that's okay.",like water juice okay,llama3.1:8b,2,"I like water, but I'm okay with juice.",2,2,"I like water, but || I'm okay with juice.",unlicensed,"keeps like for water, doesnt keep like for juice",RajC,2026-09-07T17:15:12+00:00
ctl-039,control_style,comfort_complaint,,"This chair is a bit uncomfortable, maybe.",chair bit uncomfortable,llama3.1:8b,1,The chair is a bit uncomfortable.,1,0,,tone_shift,omit maybe,RajC,2026-09-07T05:38:15+00:00
ctl-040,control_style,financial_fact,,"I think the invoice is $450, due in 30 days.",think invoice 450 due,llama3.1:8b,2,The invoice is due for $450.,1,0,,faithful,omit due in 30 days,RajC,2026-09-07T06:09:27+00:00
ctl-041,control_style,comprehension_gap,,"I don't quite understand the instructions, sorry.",understand instructions sorry,llama3.1:8b,2,"I can understand the instructions, so I'm sorry.",1,1,"I can understand the instructions, so I'm sorry.",reversal,"not understand to understand, but kept sorry",RajC,2026-09-07T18:42:29+00:00
ctl-044,control_style,error_report,,"That answer might be incorrect, I think.",answer incorrect think,llama3.1:8b,2,I think the answer is incorrect.,1,0,,faithful,omit i think,RajC,2026-09-07T17:19:05+00:00
ctl-045,control_style,logistics_request,,"I might need a ride at 6pm, if that works.",need ride 6 pm,llama3.1:8b,0,I need a ride at 6 pm.,1,0,,faithful,omit if that works,RajC,2026-09-07T05:38:02+00:00
ctl-047,control_style,technical_constraint,,I think the password has to be 8 characters with a number.,think password has 8,llama3.1:8b,1,My password has 8 characters.,1,0,,faithful,omit with a number,RajC,2026-09-07T17:32:15+00:00
ctl-048,control_style,emotional_state,,"I feel a bit overwhelmed right now, sorry.",feel bit overwhelmed sorry,llama3.1:8b,0,"I feel a bit overwhelmed, sorry.",1,0,,faithful,omit right now,RajC,2026-09-07T06:12:54+00:00
ctl-049,control_style,appointment_change,,"Could you cancel the appointment for tomorrow, please?",cancel appointment tomorrow please,llama3.1:8b,2,"I need to cancel our appointment tomorrow, please.",1,1,"I need to cancel our appointment tomorrow, please.",faithful,1,RajC,2026-09-07T17:18:18+00:00
ctl-050,control_style,leave_taking,,"I'd maybe like to go home now, if that's okay.",like go okay,llama3.1:8b,0,I'll go okay.,1,1,I'll go okay.,unlicensed,omit home and if thats,RajC,2026-09-07T17:59:47+00:00
ctl-001,control_style,request_environment,,"Could you close the door? It's loud, if you don't mind.",close door loud mind,qwen2.5:7b-instruct,1,I will close the door loudly to clear my mind.,1,1,I will close the door loudly to clear my mind.,unlicensed,removed request and switched the reasoning,RajC,2026-09-07T17:32:06+00:00
ctl-002,control_style,schedule_fact,,"I think the meeting starts at 3pm, room 204.",think meeting starts 3,qwen2.5:7b-instruct,1,I think the meeting starts at 3.,1,0,,faithful,omit room 204,RajC,2026-09-07T17:18:28+00:00
ctl-003,control_style,decline_invitation,,I don't really think I want to go to the party.,think want go party,qwen2.5:7b-instruct,0,I think I want to go to the party.,1,1,I think I want to go to the party.,reversal,perfect reversal,RajC,2026-09-07T17:10:36+00:00
ctl-008,control_style,disagreement_work,,"I'm not sure that plan works, the budget seems too small.",sure plan works budget,qwen2.5:7b-instruct,1,"Sure, the plan works within our budget.",1,1,"Sure, the plan works within our budget.",reversal,budget is small and plan doesnt work to plan works in budget,RajC,2026-09-07T18:38:46+00:00
ctl-010,control_style,request_help,,"I could maybe use some help with this now, if you're free.",use help free,qwen2.5:7b-instruct,1,I need to use your help for free.,1,1,I need to use your help for free.,unlicensed,change meaning of free,RajC,2026-09-07T18:42:16+00:00
ctl-012,control_style,refusal,,"I'm not sure I want that plan, sorry.",sure want plan sorry,qwen2.5:7b-instruct,2,"Sure, I want to plan a surprise for you, but I'm sorry if I got your name wrong.",2,2,"Sure, I want to plan a surprise for you, but || I'm sorry if I got your name wrong.",reversal,reverse meaning and added something random,RajC,2026-09-07T06:07:40+00:00
ctl-014,control_style,clothing_fit,,"This shirt feels a bit too tight, maybe.",shirt feels bit tight,qwen2.5:7b-instruct,2,The shirt feels a bit tight.,1,0,,faithful,omit maybe,RajC,2026-09-07T17:15:18+00:00
ctl-015,control_style,feedback_negative,,"Your explanation was a little confusing, maybe just me.",explanation little confusing,qwen2.5:7b-instruct,2,The explanation is a little confusing.,1,0,,faithful,"omit maybe just me, and change your to the",RajC,2026-09-07T17:12:34+00:00
ctl-016,control_style,leave_taking,,"I'd maybe like to leave now, if that's okay.",like leave okay,qwen2.5:7b-instruct,2,I like to leave when you're okay with it.,1,0,,tone_shift,"good expansion but changed tone a little bit, omitted maybe",RajC,2026-09-07T18:37:44+00:00
ctl-019,control_style,need_comfort,,"I'm a bit cold, could I maybe get a blanket?",bit cold get blanket,qwen2.5:7b-instruct,2,"I feel a bit cold, so I'm going to get a blanket.",1,1,"I feel a bit cold, so I'm going to get a blanket.",tone_shift,changed tone from question to going to do something,RajC,2026-09-07T18:29:50+00:00
ctl-023,control_style,conversation_repair,,"I don't think you answered my question, sorry.",think answered question sorry,qwen2.5:7b-instruct,2,"I think I answered the question, but I'm sorry if it was incorrect.",2,2,"I think I answered the question, but || I'm sorry if it was incorrect.",reversal,reverse answer and added uneccesary info to sorry,RajC,2026-09-07T06:14:05+00:00
ctl-026,control_style,cooking_feedback,,This recipe maybe needs a little more salt.,recipe needs little more,qwen2.5:7b-instruct,1,The recipe needs a little more seasoning.,1,0,,faithful,salt to seasoning,RajC,2026-09-07T18:41:32+00:00
ctl-028,control_style,medical_symptom,,"My hands are shaking a bit, I think.",hands shaking bit think,qwen2.5:7b-instruct,1,"I think we should shake hands, just a bit.",1,1,"I think we should shake hands, just a bit.",unlicensed,changed meaning of shake,RajC,2026-09-07T17:59:30+00:00
ctl-030,control_style,sensory_environment,,The light is maybe a bit too bright.,light bit bright,qwen2.5:7b-instruct,1,I need a light bit bright day.,1,1,I need a light bit bright day.,unlicensed,doesn't make sense and no need for a light and the day isnt bright,RajC,2026-09-07T18:38:17+00:00
ctl-031,control_style,task_correction,,"Could you fix the typo in line 3, please?",fix typo line 3,qwen2.5:7b-instruct,0,Fix the typo in line 3.,1,0,,tone_shift,removed politeness,RajC,2026-09-07T06:09:49+00:00
ctl-032,control_style,directions,,"You'd take exit 12, then merge onto Route 9 north I think.",take exit 12 merge,qwen2.5:7b-instruct,1,Take exit 12 and merge carefully.,2,1,merge carefully.,faithful,omit merge onto route 9 north,RajC,2026-09-07T17:14:35+00:00
ctl-033,control_style,bodily_need,,"I think I need the bathroom now, sorry.",think need bathroom sorry,qwen2.5:7b-instruct,1,"I think I need to go to the bathroom, sorry.",1,0,,faithful,kept tone and meaning,RajC,2026-09-07T06:09:38+00:00
ctl-034,control_style,social_feedback,,"That joke wasn't really that funny, maybe just me.",joke funny,qwen2.5:7b-instruct,0,That one's a joke and it's funny!,2,1,it's funny!,reversal,joke not funny to joke funny,RajC,2026-09-07T18:24:38+00:00
ctl-037,control_style,schedule_fact,,"I think class starts Monday at 9am, building C.",think class starts monday,qwen2.5:7b-instruct,0,I think the class starts on Monday.,1,0,,faithful,omit some info,RajC,2026-09-07T05:36:02+00:00
ctl-040,control_style,financial_fact,,"I think the invoice is $450, due in 30 days.",think invoice 450 due,qwen2.5:7b-instruct,0,I think the invoice for 450 is due.,1,0,,faithful,omit due in 30 days,RajC,2026-09-07T17:18:47+00:00
ctl-043,control_style,medication_dosing,,I think the dose is 500mg twice daily with food.,think dose 500 mg,qwen2.5:7b-instruct,1,I think I should take 500 mg.,1,0,,unlicensed,omit twice daily with food,RajC,2026-09-07T06:14:21+00:00
ctl-044,control_style,error_report,,"That answer might be incorrect, I think.",answer incorrect think,qwen2.5:7b-instruct,1,I think the answer is incorrect.,1,0,,faithful,,RajC,2026-09-07T06:12:12+00:00
ctl-046,control_style,equipment_fault,,"My headphones seem to be broken, I think.",headphones seem broken think,qwen2.5:7b-instruct,0,I think the headphones seem broken.,1,0,,faithful,swapped order but same meaning,RajC,2026-09-07T05:35:45+00:00
ctl-050,control_style,leave_taking,,"I'd maybe like to go home now, if that's okay.",like go okay,qwen2.5:7b-instruct,1,I like to go okay.,1,1,I like to go okay.,faithful,omit home and if thats okay,RajC,2026-09-07T17:14:54+00:00
